
{"items":[{"name":"Fantasy","href":"Fantasy.html","topicHref":"Fantasy.html","topicUid":"Fantasy","items":[{"name":"Assembly","href":"Fantasy.Assembly.html","topicHref":"Fantasy.Assembly.html","topicUid":"Fantasy.Assembly","items":[{"name":"AssemblyInfo","href":"Fantasy.Assembly.AssemblyInfo.html","topicHref":"Fantasy.Assembly.AssemblyInfo.html","topicUid":"Fantasy.Assembly.AssemblyInfo"},{"name":"AssemblySystem","href":"Fantasy.Assembly.AssemblySystem.html","topicHref":"Fantasy.Assembly.AssemblySystem.html","topicUid":"Fantasy.Assembly.AssemblySystem"},{"name":"IAssembly","href":"Fantasy.Assembly.IAssembly.html","topicHref":"Fantasy.Assembly.IAssembly.html","topicUid":"Fantasy.Assembly.IAssembly"}]},{"name":"Async","href":"Fantasy.Async.html","topicHref":"Fantasy.Async.html","topicUid":"Fantasy.Async","items":[{"name":"AsyncFTaskCompletedMethodBuilder","href":"Fantasy.Async.AsyncFTaskCompletedMethodBuilder.html","topicHref":"Fantasy.Async.AsyncFTaskCompletedMethodBuilder.html","topicUid":"Fantasy.Async.AsyncFTaskCompletedMethodBuilder"},{"name":"AsyncFTaskMethodBuilder","href":"Fantasy.Async.AsyncFTaskMethodBuilder.html","topicHref":"Fantasy.Async.AsyncFTaskMethodBuilder.html","topicUid":"Fantasy.Async.AsyncFTaskMethodBuilder"},{"name":"AsyncFTaskMethodBuilder<T>","href":"Fantasy.Async.AsyncFTaskMethodBuilder-1.html","topicHref":"Fantasy.Async.AsyncFTaskMethodBuilder-1.html","topicUid":"Fantasy.Async.AsyncFTaskMethodBuilder`1"},{"name":"CoroutineLock","href":"Fantasy.Async.CoroutineLock.html","topicHref":"Fantasy.Async.CoroutineLock.html","topicUid":"Fantasy.Async.CoroutineLock"},{"name":"CoroutineLockComponent","href":"Fantasy.Async.CoroutineLockComponent.html","topicHref":"Fantasy.Async.CoroutineLockComponent.html","topicUid":"Fantasy.Async.CoroutineLockComponent"},{"name":"CoroutineLockPool","href":"Fantasy.Async.CoroutineLockPool.html","topicHref":"Fantasy.Async.CoroutineLockPool.html","topicUid":"Fantasy.Async.CoroutineLockPool"},{"name":"FCancellationToken","href":"Fantasy.Async.FCancellationToken.html","topicHref":"Fantasy.Async.FCancellationToken.html","topicUid":"Fantasy.Async.FCancellationToken"},{"name":"FCancellationTokenExtension","href":"Fantasy.Async.FCancellationTokenExtension.html","topicHref":"Fantasy.Async.FCancellationTokenExtension.html","topicUid":"Fantasy.Async.FCancellationTokenExtension"},{"name":"FTask","href":"Fantasy.Async.FTask.html","topicHref":"Fantasy.Async.FTask.html","topicUid":"Fantasy.Async.FTask"},{"name":"FTaskCompleted","href":"Fantasy.Async.FTaskCompleted.html","topicHref":"Fantasy.Async.FTaskCompleted.html","topicUid":"Fantasy.Async.FTaskCompleted"},{"name":"FTaskType","href":"Fantasy.Async.FTaskType.html","topicHref":"Fantasy.Async.FTaskType.html","topicUid":"Fantasy.Async.FTaskType"},{"name":"FTask<T>","href":"Fantasy.Async.FTask-1.html","topicHref":"Fantasy.Async.FTask-1.html","topicUid":"Fantasy.Async.FTask`1"},{"name":"IFTask","href":"Fantasy.Async.IFTask.html","topicHref":"Fantasy.Async.IFTask.html","topicUid":"Fantasy.Async.IFTask"},{"name":"STaskStatus","href":"Fantasy.Async.STaskStatus.html","topicHref":"Fantasy.Async.STaskStatus.html","topicUid":"Fantasy.Async.STaskStatus"},{"name":"WaitCoroutineLock","href":"Fantasy.Async.WaitCoroutineLock.html","topicHref":"Fantasy.Async.WaitCoroutineLock.html","topicUid":"Fantasy.Async.WaitCoroutineLock"}]},{"name":"ConfigTable","href":"Fantasy.ConfigTable.html","topicHref":"Fantasy.ConfigTable.html","topicUid":"Fantasy.ConfigTable","items":[{"name":"ConfigTableHelper","href":"Fantasy.ConfigTable.ConfigTableHelper.html","topicHref":"Fantasy.ConfigTable.ConfigTableHelper.html","topicUid":"Fantasy.ConfigTable.ConfigTableHelper"},{"name":"IConfigTable","href":"Fantasy.ConfigTable.IConfigTable.html","topicHref":"Fantasy.ConfigTable.IConfigTable.html","topicUid":"Fantasy.ConfigTable.IConfigTable"},{"name":"IntDictionaryConfig","href":"Fantasy.ConfigTable.IntDictionaryConfig.html","topicHref":"Fantasy.ConfigTable.IntDictionaryConfig.html","topicUid":"Fantasy.ConfigTable.IntDictionaryConfig"},{"name":"StringDictionaryConfig","href":"Fantasy.ConfigTable.StringDictionaryConfig.html","topicHref":"Fantasy.ConfigTable.StringDictionaryConfig.html","topicUid":"Fantasy.ConfigTable.StringDictionaryConfig"}]},{"name":"DataBase","href":"Fantasy.DataBase.html","topicHref":"Fantasy.DataBase.html","topicUid":"Fantasy.DataBase","items":[{"name":"IDateBase","href":"Fantasy.DataBase.IDateBase.html","topicHref":"Fantasy.DataBase.IDateBase.html","topicUid":"Fantasy.DataBase.IDateBase"},{"name":"MongoDataBase","href":"Fantasy.DataBase.MongoDataBase.html","topicHref":"Fantasy.DataBase.MongoDataBase.html","topicUid":"Fantasy.DataBase.MongoDataBase"},{"name":"World","href":"Fantasy.DataBase.World.html","topicHref":"Fantasy.DataBase.World.html","topicUid":"Fantasy.DataBase.World"}]},{"name":"DataStructure","href":"Fantasy.DataStructure.html","topicHref":"Fantasy.DataStructure.html","topicUid":"Fantasy.DataStructure","items":[{"name":"Collection","href":"Fantasy.DataStructure.Collection.html","topicHref":"Fantasy.DataStructure.Collection.html","topicUid":"Fantasy.DataStructure.Collection","items":[{"name":"CircularBuffer","href":"Fantasy.DataStructure.Collection.CircularBuffer.html","topicHref":"Fantasy.DataStructure.Collection.CircularBuffer.html","topicUid":"Fantasy.DataStructure.Collection.CircularBuffer"},{"name":"ConcurrentOneToManyListPool<TKey, TValue>","href":"Fantasy.DataStructure.Collection.ConcurrentOneToManyListPool-2.html","topicHref":"Fantasy.DataStructure.Collection.ConcurrentOneToManyListPool-2.html","topicUid":"Fantasy.DataStructure.Collection.ConcurrentOneToManyListPool`2"},{"name":"ConcurrentOneToManyList<TKey, TValue>","href":"Fantasy.DataStructure.Collection.ConcurrentOneToManyList-2.html","topicHref":"Fantasy.DataStructure.Collection.ConcurrentOneToManyList-2.html","topicUid":"Fantasy.DataStructure.Collection.ConcurrentOneToManyList`2"},{"name":"ConcurrentOneToManyQueuePool<TKey, TValue>","href":"Fantasy.DataStructure.Collection.ConcurrentOneToManyQueuePool-2.html","topicHref":"Fantasy.DataStructure.Collection.ConcurrentOneToManyQueuePool-2.html","topicUid":"Fantasy.DataStructure.Collection.ConcurrentOneToManyQueuePool`2"},{"name":"ConcurrentOneToManyQueue<TKey, TValue>","href":"Fantasy.DataStructure.Collection.ConcurrentOneToManyQueue-2.html","topicHref":"Fantasy.DataStructure.Collection.ConcurrentOneToManyQueue-2.html","topicUid":"Fantasy.DataStructure.Collection.ConcurrentOneToManyQueue`2"},{"name":"HashSetBasePool<T>","href":"Fantasy.DataStructure.Collection.HashSetBasePool-1.html","topicHref":"Fantasy.DataStructure.Collection.HashSetBasePool-1.html","topicUid":"Fantasy.DataStructure.Collection.HashSetBasePool`1"},{"name":"HashSetPool<T>","href":"Fantasy.DataStructure.Collection.HashSetPool-1.html","topicHref":"Fantasy.DataStructure.Collection.HashSetPool-1.html","topicUid":"Fantasy.DataStructure.Collection.HashSetPool`1"},{"name":"ListPool<T>","href":"Fantasy.DataStructure.Collection.ListPool-1.html","topicHref":"Fantasy.DataStructure.Collection.ListPool-1.html","topicUid":"Fantasy.DataStructure.Collection.ListPool`1"},{"name":"OneToManyHashSetPool<TKey, TValue>","href":"Fantasy.DataStructure.Collection.OneToManyHashSetPool-2.html","topicHref":"Fantasy.DataStructure.Collection.OneToManyHashSetPool-2.html","topicUid":"Fantasy.DataStructure.Collection.OneToManyHashSetPool`2"},{"name":"OneToManyHashSet<TKey, TValue>","href":"Fantasy.DataStructure.Collection.OneToManyHashSet-2.html","topicHref":"Fantasy.DataStructure.Collection.OneToManyHashSet-2.html","topicUid":"Fantasy.DataStructure.Collection.OneToManyHashSet`2"},{"name":"OneToManyListPool<TKey, TValue>","href":"Fantasy.DataStructure.Collection.OneToManyListPool-2.html","topicHref":"Fantasy.DataStructure.Collection.OneToManyListPool-2.html","topicUid":"Fantasy.DataStructure.Collection.OneToManyListPool`2"},{"name":"OneToManyList<TKey, TValue>","href":"Fantasy.DataStructure.Collection.OneToManyList-2.html","topicHref":"Fantasy.DataStructure.Collection.OneToManyList-2.html","topicUid":"Fantasy.DataStructure.Collection.OneToManyList`2"},{"name":"OneToManyQueuePool<TKey, TValue>","href":"Fantasy.DataStructure.Collection.OneToManyQueuePool-2.html","topicHref":"Fantasy.DataStructure.Collection.OneToManyQueuePool-2.html","topicUid":"Fantasy.DataStructure.Collection.OneToManyQueuePool`2"},{"name":"OneToManyQueue<TKey, TValue>","href":"Fantasy.DataStructure.Collection.OneToManyQueue-2.html","topicHref":"Fantasy.DataStructure.Collection.OneToManyQueue-2.html","topicUid":"Fantasy.DataStructure.Collection.OneToManyQueue`2"},{"name":"ReuseList<T>","href":"Fantasy.DataStructure.Collection.ReuseList-1.html","topicHref":"Fantasy.DataStructure.Collection.ReuseList-1.html","topicUid":"Fantasy.DataStructure.Collection.ReuseList`1"},{"name":"SortedConcurrentOneToManyListPool<TKey, TValue>","href":"Fantasy.DataStructure.Collection.SortedConcurrentOneToManyListPool-2.html","topicHref":"Fantasy.DataStructure.Collection.SortedConcurrentOneToManyListPool-2.html","topicUid":"Fantasy.DataStructure.Collection.SortedConcurrentOneToManyListPool`2"},{"name":"SortedConcurrentOneToManyList<TKey, TValue>","href":"Fantasy.DataStructure.Collection.SortedConcurrentOneToManyList-2.html","topicHref":"Fantasy.DataStructure.Collection.SortedConcurrentOneToManyList-2.html","topicUid":"Fantasy.DataStructure.Collection.SortedConcurrentOneToManyList`2"},{"name":"SortedOneToManyHashSetPool<TKey, TValue>","href":"Fantasy.DataStructure.Collection.SortedOneToManyHashSetPool-2.html","topicHref":"Fantasy.DataStructure.Collection.SortedOneToManyHashSetPool-2.html","topicUid":"Fantasy.DataStructure.Collection.SortedOneToManyHashSetPool`2"},{"name":"SortedOneToManyHashSet<TKey, TValue>","href":"Fantasy.DataStructure.Collection.SortedOneToManyHashSet-2.html","topicHref":"Fantasy.DataStructure.Collection.SortedOneToManyHashSet-2.html","topicUid":"Fantasy.DataStructure.Collection.SortedOneToManyHashSet`2"},{"name":"SortedOneToManyListPool<TKey, TValue>","href":"Fantasy.DataStructure.Collection.SortedOneToManyListPool-2.html","topicHref":"Fantasy.DataStructure.Collection.SortedOneToManyListPool-2.html","topicUid":"Fantasy.DataStructure.Collection.SortedOneToManyListPool`2"},{"name":"SortedOneToManyList<TKey, TValue>","href":"Fantasy.DataStructure.Collection.SortedOneToManyList-2.html","topicHref":"Fantasy.DataStructure.Collection.SortedOneToManyList-2.html","topicUid":"Fantasy.DataStructure.Collection.SortedOneToManyList`2"}]},{"name":"Dictionary","href":"Fantasy.DataStructure.Dictionary.html","topicHref":"Fantasy.DataStructure.Dictionary.html","topicUid":"Fantasy.DataStructure.Dictionary","items":[{"name":"DictionaryExtensions","href":"Fantasy.DataStructure.Dictionary.DictionaryExtensions.html","topicHref":"Fantasy.DataStructure.Dictionary.DictionaryExtensions.html","topicUid":"Fantasy.DataStructure.Dictionary.DictionaryExtensions"},{"name":"DictionaryPool<TM, TN>","href":"Fantasy.DataStructure.Dictionary.DictionaryPool-2.html","topicHref":"Fantasy.DataStructure.Dictionary.DictionaryPool-2.html","topicUid":"Fantasy.DataStructure.Dictionary.DictionaryPool`2"},{"name":"DoubleMapDictionaryPool<TKey, TValue>","href":"Fantasy.DataStructure.Dictionary.DoubleMapDictionaryPool-2.html","topicHref":"Fantasy.DataStructure.Dictionary.DoubleMapDictionaryPool-2.html","topicUid":"Fantasy.DataStructure.Dictionary.DoubleMapDictionaryPool`2"},{"name":"DoubleMapDictionary<TK, TV>","href":"Fantasy.DataStructure.Dictionary.DoubleMapDictionary-2.html","topicHref":"Fantasy.DataStructure.Dictionary.DoubleMapDictionary-2.html","topicUid":"Fantasy.DataStructure.Dictionary.DoubleMapDictionary`2"},{"name":"EntityDictionary<TM, TN>","href":"Fantasy.DataStructure.Dictionary.EntityDictionary-2.html","topicHref":"Fantasy.DataStructure.Dictionary.EntityDictionary-2.html","topicUid":"Fantasy.DataStructure.Dictionary.EntityDictionary`2"},{"name":"OneToManyDictionaryPool<TKey, TValueKey, TValue>","href":"Fantasy.DataStructure.Dictionary.OneToManyDictionaryPool-3.html","topicHref":"Fantasy.DataStructure.Dictionary.OneToManyDictionaryPool-3.html","topicUid":"Fantasy.DataStructure.Dictionary.OneToManyDictionaryPool`3"},{"name":"OneToManyDictionary<TKey, TValueKey, TValue>","href":"Fantasy.DataStructure.Dictionary.OneToManyDictionary-3.html","topicHref":"Fantasy.DataStructure.Dictionary.OneToManyDictionary-3.html","topicUid":"Fantasy.DataStructure.Dictionary.OneToManyDictionary`3"},{"name":"OneToManySortedDictionaryPool<TKey, TSortedKey, TValue>","href":"Fantasy.DataStructure.Dictionary.OneToManySortedDictionaryPool-3.html","topicHref":"Fantasy.DataStructure.Dictionary.OneToManySortedDictionaryPool-3.html","topicUid":"Fantasy.DataStructure.Dictionary.OneToManySortedDictionaryPool`3"},{"name":"OneToManySortedDictionary<TKey, TSortedKey, TValue>","href":"Fantasy.DataStructure.Dictionary.OneToManySortedDictionary-3.html","topicHref":"Fantasy.DataStructure.Dictionary.OneToManySortedDictionary-3.html","topicUid":"Fantasy.DataStructure.Dictionary.OneToManySortedDictionary`3"},{"name":"ReuseDictionary<TM, TN>","href":"Fantasy.DataStructure.Dictionary.ReuseDictionary-2.html","topicHref":"Fantasy.DataStructure.Dictionary.ReuseDictionary-2.html","topicUid":"Fantasy.DataStructure.Dictionary.ReuseDictionary`2"},{"name":"SortedDictionaryPool<TM, TN>","href":"Fantasy.DataStructure.Dictionary.SortedDictionaryPool-2.html","topicHref":"Fantasy.DataStructure.Dictionary.SortedDictionaryPool-2.html","topicUid":"Fantasy.DataStructure.Dictionary.SortedDictionaryPool`2"}]},{"name":"PriorityQueue","href":"Fantasy.DataStructure.PriorityQueue.html","topicHref":"Fantasy.DataStructure.PriorityQueue.html","topicUid":"Fantasy.DataStructure.PriorityQueue","items":[{"name":"PriorityQueueItemUint<T>","href":"Fantasy.DataStructure.PriorityQueue.PriorityQueueItemUint-1.html","topicHref":"Fantasy.DataStructure.PriorityQueue.PriorityQueueItemUint-1.html","topicUid":"Fantasy.DataStructure.PriorityQueue.PriorityQueueItemUint`1"},{"name":"PriorityQueueItem<T, T1>","href":"Fantasy.DataStructure.PriorityQueue.PriorityQueueItem-2.html","topicHref":"Fantasy.DataStructure.PriorityQueue.PriorityQueueItem-2.html","topicUid":"Fantasy.DataStructure.PriorityQueue.PriorityQueueItem`2"},{"name":"PriorityQueue<T>","href":"Fantasy.DataStructure.PriorityQueue.PriorityQueue-1.html","topicHref":"Fantasy.DataStructure.PriorityQueue.PriorityQueue-1.html","topicUid":"Fantasy.DataStructure.PriorityQueue.PriorityQueue`1"},{"name":"PriorityQueue<TElement, TPriority>","href":"Fantasy.DataStructure.PriorityQueue.PriorityQueue-2.html","topicHref":"Fantasy.DataStructure.PriorityQueue.PriorityQueue-2.html","topicUid":"Fantasy.DataStructure.PriorityQueue.PriorityQueue`2"}]},{"name":"SkipTable","href":"Fantasy.DataStructure.SkipTable.html","topicHref":"Fantasy.DataStructure.SkipTable.html","topicUid":"Fantasy.DataStructure.SkipTable","items":[{"name":"SkipTableBase<TValue>","href":"Fantasy.DataStructure.SkipTable.SkipTableBase-1.html","topicHref":"Fantasy.DataStructure.SkipTable.SkipTableBase-1.html","topicUid":"Fantasy.DataStructure.SkipTable.SkipTableBase`1"},{"name":"SkipTableDesc<TValue>","href":"Fantasy.DataStructure.SkipTable.SkipTableDesc-1.html","topicHref":"Fantasy.DataStructure.SkipTable.SkipTableDesc-1.html","topicUid":"Fantasy.DataStructure.SkipTable.SkipTableDesc`1"},{"name":"SkipTableNode<TValue>","href":"Fantasy.DataStructure.SkipTable.SkipTableNode-1.html","topicHref":"Fantasy.DataStructure.SkipTable.SkipTableNode-1.html","topicUid":"Fantasy.DataStructure.SkipTable.SkipTableNode`1"},{"name":"SkipTable<TValue>","href":"Fantasy.DataStructure.SkipTable.SkipTable-1.html","topicHref":"Fantasy.DataStructure.SkipTable.SkipTable-1.html","topicUid":"Fantasy.DataStructure.SkipTable.SkipTable`1"}]}]},{"name":"Entitas","href":"Fantasy.Entitas.html","topicHref":"Fantasy.Entitas.html","topicUid":"Fantasy.Entitas","items":[{"name":"Interface","href":"Fantasy.Entitas.Interface.html","topicHref":"Fantasy.Entitas.Interface.html","topicUid":"Fantasy.Entitas.Interface","items":[{"name":"AwakeSystem<T>","href":"Fantasy.Entitas.Interface.AwakeSystem-1.html","topicHref":"Fantasy.Entitas.Interface.AwakeSystem-1.html","topicUid":"Fantasy.Entitas.Interface.AwakeSystem`1"},{"name":"AwakeSystem<T, T1>","href":"Fantasy.Entitas.Interface.AwakeSystem-2.html","topicHref":"Fantasy.Entitas.Interface.AwakeSystem-2.html","topicUid":"Fantasy.Entitas.Interface.AwakeSystem`2"},{"name":"DeserializeSystem<T>","href":"Fantasy.Entitas.Interface.DeserializeSystem-1.html","topicHref":"Fantasy.Entitas.Interface.DeserializeSystem-1.html","topicUid":"Fantasy.Entitas.Interface.DeserializeSystem`1"},{"name":"DestroySystem<T>","href":"Fantasy.Entitas.Interface.DestroySystem-1.html","topicHref":"Fantasy.Entitas.Interface.DestroySystem-1.html","topicUid":"Fantasy.Entitas.Interface.DestroySystem`1"},{"name":"FrameUpdateSystem<T>","href":"Fantasy.Entitas.Interface.FrameUpdateSystem-1.html","topicHref":"Fantasy.Entitas.Interface.FrameUpdateSystem-1.html","topicUid":"Fantasy.Entitas.Interface.FrameUpdateSystem`1"},{"name":"IEntitiesSystem","href":"Fantasy.Entitas.Interface.IEntitiesSystem.html","topicHref":"Fantasy.Entitas.Interface.IEntitiesSystem.html","topicUid":"Fantasy.Entitas.Interface.IEntitiesSystem"},{"name":"ISingleCollectionRoot","href":"Fantasy.Entitas.Interface.ISingleCollectionRoot.html","topicHref":"Fantasy.Entitas.Interface.ISingleCollectionRoot.html","topicUid":"Fantasy.Entitas.Interface.ISingleCollectionRoot"},{"name":"ISupportedDataBase","href":"Fantasy.Entitas.Interface.ISupportedDataBase.html","topicHref":"Fantasy.Entitas.Interface.ISupportedDataBase.html","topicUid":"Fantasy.Entitas.Interface.ISupportedDataBase"},{"name":"ISupportedMultiEntity","href":"Fantasy.Entitas.Interface.ISupportedMultiEntity.html","topicHref":"Fantasy.Entitas.Interface.ISupportedMultiEntity.html","topicUid":"Fantasy.Entitas.Interface.ISupportedMultiEntity"},{"name":"ISupportedSingleCollection","href":"Fantasy.Entitas.Interface.ISupportedSingleCollection.html","topicHref":"Fantasy.Entitas.Interface.ISupportedSingleCollection.html","topicUid":"Fantasy.Entitas.Interface.ISupportedSingleCollection"},{"name":"ISupportedTransfer","href":"Fantasy.Entitas.Interface.ISupportedTransfer.html","topicHref":"Fantasy.Entitas.Interface.ISupportedTransfer.html","topicUid":"Fantasy.Entitas.Interface.ISupportedTransfer"},{"name":"SingleCollectionAttribute","href":"Fantasy.Entitas.Interface.SingleCollectionAttribute.html","topicHref":"Fantasy.Entitas.Interface.SingleCollectionAttribute.html","topicUid":"Fantasy.Entitas.Interface.SingleCollectionAttribute"},{"name":"SingleCollectionRootChecker<T>","href":"Fantasy.Entitas.Interface.SingleCollectionRootChecker-1.html","topicHref":"Fantasy.Entitas.Interface.SingleCollectionRootChecker-1.html","topicUid":"Fantasy.Entitas.Interface.SingleCollectionRootChecker`1"},{"name":"SupportedDataBaseChecker<T>","href":"Fantasy.Entitas.Interface.SupportedDataBaseChecker-1.html","topicHref":"Fantasy.Entitas.Interface.SupportedDataBaseChecker-1.html","topicUid":"Fantasy.Entitas.Interface.SupportedDataBaseChecker`1"},{"name":"SupportedMultiEntityChecker<T>","href":"Fantasy.Entitas.Interface.SupportedMultiEntityChecker-1.html","topicHref":"Fantasy.Entitas.Interface.SupportedMultiEntityChecker-1.html","topicUid":"Fantasy.Entitas.Interface.SupportedMultiEntityChecker`1"},{"name":"SupportedSingleCollectionChecker<T>","href":"Fantasy.Entitas.Interface.SupportedSingleCollectionChecker-1.html","topicHref":"Fantasy.Entitas.Interface.SupportedSingleCollectionChecker-1.html","topicUid":"Fantasy.Entitas.Interface.SupportedSingleCollectionChecker`1"},{"name":"SupportedTransferChecker<T>","href":"Fantasy.Entitas.Interface.SupportedTransferChecker-1.html","topicHref":"Fantasy.Entitas.Interface.SupportedTransferChecker-1.html","topicUid":"Fantasy.Entitas.Interface.SupportedTransferChecker`1"},{"name":"UpdateSystem<T>","href":"Fantasy.Entitas.Interface.UpdateSystem-1.html","topicHref":"Fantasy.Entitas.Interface.UpdateSystem-1.html","topicUid":"Fantasy.Entitas.Interface.UpdateSystem`1"}]},{"name":"Entity","href":"Fantasy.Entitas.Entity.html","topicHref":"Fantasy.Entitas.Entity.html","topicUid":"Fantasy.Entitas.Entity"},{"name":"EntityComponent","href":"Fantasy.Entitas.EntityComponent.html","topicHref":"Fantasy.Entitas.EntityComponent.html","topicUid":"Fantasy.Entitas.EntityComponent"},{"name":"EntityReference<T>","href":"Fantasy.Entitas.EntityReference-1.html","topicHref":"Fantasy.Entitas.EntityReference-1.html","topicUid":"Fantasy.Entitas.EntityReference`1"},{"name":"FrameUpdateQueueStruct","href":"Fantasy.Entitas.FrameUpdateQueueStruct.html","topicHref":"Fantasy.Entitas.FrameUpdateQueueStruct.html","topicUid":"Fantasy.Entitas.FrameUpdateQueueStruct"},{"name":"IEntity","href":"Fantasy.Entitas.IEntity.html","topicHref":"Fantasy.Entitas.IEntity.html","topicUid":"Fantasy.Entitas.IEntity"},{"name":"MessagePoolComponent","href":"Fantasy.Entitas.MessagePoolComponent.html","topicHref":"Fantasy.Entitas.MessagePoolComponent.html","topicUid":"Fantasy.Entitas.MessagePoolComponent"},{"name":"UpdateQueueStruct","href":"Fantasy.Entitas.UpdateQueueStruct.html","topicHref":"Fantasy.Entitas.UpdateQueueStruct.html","topicUid":"Fantasy.Entitas.UpdateQueueStruct"}]},{"name":"Event","href":"Fantasy.Event.html","topicHref":"Fantasy.Event.html","topicUid":"Fantasy.Event","items":[{"name":"AsyncEventSystem<T>","href":"Fantasy.Event.AsyncEventSystem-1.html","topicHref":"Fantasy.Event.AsyncEventSystem-1.html","topicUid":"Fantasy.Event.AsyncEventSystem`1"},{"name":"EventComponent","href":"Fantasy.Event.EventComponent.html","topicHref":"Fantasy.Event.EventComponent.html","topicUid":"Fantasy.Event.EventComponent"},{"name":"EventSystem<T>","href":"Fantasy.Event.EventSystem-1.html","topicHref":"Fantasy.Event.EventSystem-1.html","topicUid":"Fantasy.Event.EventSystem`1"},{"name":"IAsyncEvent","href":"Fantasy.Event.IAsyncEvent.html","topicHref":"Fantasy.Event.IAsyncEvent.html","topicUid":"Fantasy.Event.IAsyncEvent"},{"name":"IEvent","href":"Fantasy.Event.IEvent.html","topicHref":"Fantasy.Event.IEvent.html","topicUid":"Fantasy.Event.IEvent"}]},{"name":"Helper","href":"Fantasy.Helper.html","topicHref":"Fantasy.Helper.html","topicUid":"Fantasy.Helper","items":[{"name":"ByteHelper","href":"Fantasy.Helper.ByteHelper.html","topicHref":"Fantasy.Helper.ByteHelper.html","topicUid":"Fantasy.Helper.ByteHelper"},{"name":"EncryptHelper","href":"Fantasy.Helper.EncryptHelper.html","topicHref":"Fantasy.Helper.EncryptHelper.html","topicUid":"Fantasy.Helper.EncryptHelper"},{"name":"FileHelper","href":"Fantasy.Helper.FileHelper.html","topicHref":"Fantasy.Helper.FileHelper.html","topicUid":"Fantasy.Helper.FileHelper"},{"name":"HashCodeHelper","href":"Fantasy.Helper.HashCodeHelper.html","topicHref":"Fantasy.Helper.HashCodeHelper.html","topicUid":"Fantasy.Helper.HashCodeHelper"},{"name":"JsonHelper","href":"Fantasy.Helper.JsonHelper.html","topicHref":"Fantasy.Helper.JsonHelper.html","topicUid":"Fantasy.Helper.JsonHelper"},{"name":"NetworkHelper","href":"Fantasy.Helper.NetworkHelper.html","topicHref":"Fantasy.Helper.NetworkHelper.html","topicUid":"Fantasy.Helper.NetworkHelper"},{"name":"RandomHelper","href":"Fantasy.Helper.RandomHelper.html","topicHref":"Fantasy.Helper.RandomHelper.html","topicUid":"Fantasy.Helper.RandomHelper"},{"name":"SocketHelper","href":"Fantasy.Helper.SocketHelper.html","topicHref":"Fantasy.Helper.SocketHelper.html","topicUid":"Fantasy.Helper.SocketHelper"},{"name":"TimeHelper","href":"Fantasy.Helper.TimeHelper.html","topicHref":"Fantasy.Helper.TimeHelper.html","topicUid":"Fantasy.Helper.TimeHelper"},{"name":"WebSocketHelper","href":"Fantasy.Helper.WebSocketHelper.html","topicHref":"Fantasy.Helper.WebSocketHelper.html","topicUid":"Fantasy.Helper.WebSocketHelper"},{"name":"WinPeriod","href":"Fantasy.Helper.WinPeriod.html","topicHref":"Fantasy.Helper.WinPeriod.html","topicUid":"Fantasy.Helper.WinPeriod"}]},{"name":"Http","href":"Fantasy.Http.html","topicHref":"Fantasy.Http.html","topicUid":"Fantasy.Http","items":[{"name":"HttpClientHelper","href":"Fantasy.Http.HttpClientHelper.html","topicHref":"Fantasy.Http.HttpClientHelper.html","topicUid":"Fantasy.Http.HttpClientHelper"},{"name":"IJsonRpcRequest","href":"Fantasy.Http.IJsonRpcRequest.html","topicHref":"Fantasy.Http.IJsonRpcRequest.html","topicUid":"Fantasy.Http.IJsonRpcRequest"}]},{"name":"IdFactory","href":"Fantasy.IdFactory.html","topicHref":"Fantasy.IdFactory.html","topicUid":"Fantasy.IdFactory","items":[{"name":"EntityIdFactory","href":"Fantasy.IdFactory.EntityIdFactory.html","topicHref":"Fantasy.IdFactory.EntityIdFactory.html","topicUid":"Fantasy.IdFactory.EntityIdFactory"},{"name":"EntityIdStruct","href":"Fantasy.IdFactory.EntityIdStruct.html","topicHref":"Fantasy.IdFactory.EntityIdStruct.html","topicUid":"Fantasy.IdFactory.EntityIdStruct"},{"name":"RuntimeIdFactory","href":"Fantasy.IdFactory.RuntimeIdFactory.html","topicHref":"Fantasy.IdFactory.RuntimeIdFactory.html","topicUid":"Fantasy.IdFactory.RuntimeIdFactory"},{"name":"RuntimeIdStruct","href":"Fantasy.IdFactory.RuntimeIdStruct.html","topicHref":"Fantasy.IdFactory.RuntimeIdStruct.html","topicUid":"Fantasy.IdFactory.RuntimeIdStruct"}]},{"name":"InnerMessage","href":"Fantasy.InnerMessage.html","topicHref":"Fantasy.InnerMessage.html","topicUid":"Fantasy.InnerMessage","items":[{"name":"I_AddressableAdd_Request","href":"Fantasy.InnerMessage.I_AddressableAdd_Request.html","topicHref":"Fantasy.InnerMessage.I_AddressableAdd_Request.html","topicUid":"Fantasy.InnerMessage.I_AddressableAdd_Request"},{"name":"I_AddressableAdd_Response","href":"Fantasy.InnerMessage.I_AddressableAdd_Response.html","topicHref":"Fantasy.InnerMessage.I_AddressableAdd_Response.html","topicUid":"Fantasy.InnerMessage.I_AddressableAdd_Response"},{"name":"I_AddressableGet_Request","href":"Fantasy.InnerMessage.I_AddressableGet_Request.html","topicHref":"Fantasy.InnerMessage.I_AddressableGet_Request.html","topicUid":"Fantasy.InnerMessage.I_AddressableGet_Request"},{"name":"I_AddressableGet_Response","href":"Fantasy.InnerMessage.I_AddressableGet_Response.html","topicHref":"Fantasy.InnerMessage.I_AddressableGet_Response.html","topicUid":"Fantasy.InnerMessage.I_AddressableGet_Response"},{"name":"I_AddressableLock_Request","href":"Fantasy.InnerMessage.I_AddressableLock_Request.html","topicHref":"Fantasy.InnerMessage.I_AddressableLock_Request.html","topicUid":"Fantasy.InnerMessage.I_AddressableLock_Request"},{"name":"I_AddressableLock_Response","href":"Fantasy.InnerMessage.I_AddressableLock_Response.html","topicHref":"Fantasy.InnerMessage.I_AddressableLock_Response.html","topicUid":"Fantasy.InnerMessage.I_AddressableLock_Response"},{"name":"I_AddressableRemove_Request","href":"Fantasy.InnerMessage.I_AddressableRemove_Request.html","topicHref":"Fantasy.InnerMessage.I_AddressableRemove_Request.html","topicUid":"Fantasy.InnerMessage.I_AddressableRemove_Request"},{"name":"I_AddressableRemove_Response","href":"Fantasy.InnerMessage.I_AddressableRemove_Response.html","topicHref":"Fantasy.InnerMessage.I_AddressableRemove_Response.html","topicUid":"Fantasy.InnerMessage.I_AddressableRemove_Response"},{"name":"I_AddressableUnLock_Request","href":"Fantasy.InnerMessage.I_AddressableUnLock_Request.html","topicHref":"Fantasy.InnerMessage.I_AddressableUnLock_Request.html","topicUid":"Fantasy.InnerMessage.I_AddressableUnLock_Request"},{"name":"I_AddressableUnLock_Response","href":"Fantasy.InnerMessage.I_AddressableUnLock_Response.html","topicHref":"Fantasy.InnerMessage.I_AddressableUnLock_Response.html","topicUid":"Fantasy.InnerMessage.I_AddressableUnLock_Response"},{"name":"LinkEntity_Request","href":"Fantasy.InnerMessage.LinkEntity_Request.html","topicHref":"Fantasy.InnerMessage.LinkEntity_Request.html","topicUid":"Fantasy.InnerMessage.LinkEntity_Request"},{"name":"LinkEntity_Response","href":"Fantasy.InnerMessage.LinkEntity_Response.html","topicHref":"Fantasy.InnerMessage.LinkEntity_Response.html","topicUid":"Fantasy.InnerMessage.LinkEntity_Response"},{"name":"PingRequest","href":"Fantasy.InnerMessage.PingRequest.html","topicHref":"Fantasy.InnerMessage.PingRequest.html","topicUid":"Fantasy.InnerMessage.PingRequest"},{"name":"PingResponse","href":"Fantasy.InnerMessage.PingResponse.html","topicHref":"Fantasy.InnerMessage.PingResponse.html","topicUid":"Fantasy.InnerMessage.PingResponse"},{"name":"Response","href":"Fantasy.InnerMessage.Response.html","topicHref":"Fantasy.InnerMessage.Response.html","topicUid":"Fantasy.InnerMessage.Response"},{"name":"RouteResponse","href":"Fantasy.InnerMessage.RouteResponse.html","topicHref":"Fantasy.InnerMessage.RouteResponse.html","topicUid":"Fantasy.InnerMessage.RouteResponse"}]},{"name":"Network","href":"Fantasy.Network.html","topicHref":"Fantasy.Network.html","topicUid":"Fantasy.Network","items":[{"name":"HTTP","href":"Fantasy.Network.HTTP.html","topicHref":"Fantasy.Network.HTTP.html","topicUid":"Fantasy.Network.HTTP","items":[{"name":"HTTPServerNetwork","href":"Fantasy.Network.HTTP.HTTPServerNetwork.html","topicHref":"Fantasy.Network.HTTP.HTTPServerNetwork.html","topicUid":"Fantasy.Network.HTTP.HTTPServerNetwork"},{"name":"SceneContextFilter","href":"Fantasy.Network.HTTP.SceneContextFilter.html","topicHref":"Fantasy.Network.HTTP.SceneContextFilter.html","topicUid":"Fantasy.Network.HTTP.SceneContextFilter"}]},{"name":"Interface","href":"Fantasy.Network.Interface.html","topicHref":"Fantasy.Network.Interface.html","topicUid":"Fantasy.Network.Interface","items":[{"name":"AClientNetwork","href":"Fantasy.Network.Interface.AClientNetwork.html","topicHref":"Fantasy.Network.Interface.AClientNetwork.html","topicUid":"Fantasy.Network.Interface.AClientNetwork"},{"name":"ANetwork","href":"Fantasy.Network.Interface.ANetwork.html","topicHref":"Fantasy.Network.Interface.ANetwork.html","topicUid":"Fantasy.Network.Interface.ANetwork"},{"name":"ANetworkServerChannel","href":"Fantasy.Network.Interface.ANetworkServerChannel.html","topicHref":"Fantasy.Network.Interface.ANetworkServerChannel.html","topicUid":"Fantasy.Network.Interface.ANetworkServerChannel"},{"name":"AddressableRPC<TEntity, TRouteRequest, TRouteResponse>","href":"Fantasy.Network.Interface.AddressableRPC-3.html","topicHref":"Fantasy.Network.Interface.AddressableRPC-3.html","topicUid":"Fantasy.Network.Interface.AddressableRPC`3"},{"name":"Addressable<TEntity, TMessage>","href":"Fantasy.Network.Interface.Addressable-2.html","topicHref":"Fantasy.Network.Interface.Addressable-2.html","topicUid":"Fantasy.Network.Interface.Addressable`2"},{"name":"IAddressableRouteMessage","href":"Fantasy.Network.Interface.IAddressableRouteMessage.html","topicHref":"Fantasy.Network.Interface.IAddressableRouteMessage.html","topicUid":"Fantasy.Network.Interface.IAddressableRouteMessage"},{"name":"IAddressableRouteRequest","href":"Fantasy.Network.Interface.IAddressableRouteRequest.html","topicHref":"Fantasy.Network.Interface.IAddressableRouteRequest.html","topicUid":"Fantasy.Network.Interface.IAddressableRouteRequest"},{"name":"IAddressableRouteResponse","href":"Fantasy.Network.Interface.IAddressableRouteResponse.html","topicHref":"Fantasy.Network.Interface.IAddressableRouteResponse.html","topicUid":"Fantasy.Network.Interface.IAddressableRouteResponse"},{"name":"ICustomRoute","href":"Fantasy.Network.Interface.ICustomRoute.html","topicHref":"Fantasy.Network.Interface.ICustomRoute.html","topicUid":"Fantasy.Network.Interface.ICustomRoute"},{"name":"ICustomRouteMessage","href":"Fantasy.Network.Interface.ICustomRouteMessage.html","topicHref":"Fantasy.Network.Interface.ICustomRouteMessage.html","topicUid":"Fantasy.Network.Interface.ICustomRouteMessage"},{"name":"ICustomRouteRequest","href":"Fantasy.Network.Interface.ICustomRouteRequest.html","topicHref":"Fantasy.Network.Interface.ICustomRouteRequest.html","topicUid":"Fantasy.Network.Interface.ICustomRouteRequest"},{"name":"ICustomRouteResponse","href":"Fantasy.Network.Interface.ICustomRouteResponse.html","topicHref":"Fantasy.Network.Interface.ICustomRouteResponse.html","topicUid":"Fantasy.Network.Interface.ICustomRouteResponse"},{"name":"IMessage","href":"Fantasy.Network.Interface.IMessage.html","topicHref":"Fantasy.Network.Interface.IMessage.html","topicUid":"Fantasy.Network.Interface.IMessage"},{"name":"IMessageHandler","href":"Fantasy.Network.Interface.IMessageHandler.html","topicHref":"Fantasy.Network.Interface.IMessageHandler.html","topicUid":"Fantasy.Network.Interface.IMessageHandler"},{"name":"INetworkChannel","href":"Fantasy.Network.Interface.INetworkChannel.html","topicHref":"Fantasy.Network.Interface.INetworkChannel.html","topicUid":"Fantasy.Network.Interface.INetworkChannel"},{"name":"IRequest","href":"Fantasy.Network.Interface.IRequest.html","topicHref":"Fantasy.Network.Interface.IRequest.html","topicUid":"Fantasy.Network.Interface.IRequest"},{"name":"IResponse","href":"Fantasy.Network.Interface.IResponse.html","topicHref":"Fantasy.Network.Interface.IResponse.html","topicUid":"Fantasy.Network.Interface.IResponse"},{"name":"IRouteMessage","href":"Fantasy.Network.Interface.IRouteMessage.html","topicHref":"Fantasy.Network.Interface.IRouteMessage.html","topicUid":"Fantasy.Network.Interface.IRouteMessage"},{"name":"IRouteMessageHandler","href":"Fantasy.Network.Interface.IRouteMessageHandler.html","topicHref":"Fantasy.Network.Interface.IRouteMessageHandler.html","topicUid":"Fantasy.Network.Interface.IRouteMessageHandler"},{"name":"IRouteRequest","href":"Fantasy.Network.Interface.IRouteRequest.html","topicHref":"Fantasy.Network.Interface.IRouteRequest.html","topicUid":"Fantasy.Network.Interface.IRouteRequest"},{"name":"IRouteResponse","href":"Fantasy.Network.Interface.IRouteResponse.html","topicHref":"Fantasy.Network.Interface.IRouteResponse.html","topicUid":"Fantasy.Network.Interface.IRouteResponse"},{"name":"MessageDispatcherComponent","href":"Fantasy.Network.Interface.MessageDispatcherComponent.html","topicHref":"Fantasy.Network.Interface.MessageDispatcherComponent.html","topicUid":"Fantasy.Network.Interface.MessageDispatcherComponent"},{"name":"MessageRPC<TRequest, TResponse>","href":"Fantasy.Network.Interface.MessageRPC-2.html","topicHref":"Fantasy.Network.Interface.MessageRPC-2.html","topicUid":"Fantasy.Network.Interface.MessageRPC`2"},{"name":"Message<T>","href":"Fantasy.Network.Interface.Message-1.html","topicHref":"Fantasy.Network.Interface.Message-1.html","topicUid":"Fantasy.Network.Interface.Message`1"},{"name":"RouteRPC<TEntity, TRouteRequest, TRouteResponse>","href":"Fantasy.Network.Interface.RouteRPC-3.html","topicHref":"Fantasy.Network.Interface.RouteRPC-3.html","topicUid":"Fantasy.Network.Interface.RouteRPC`3"},{"name":"Route<TEntity, TMessage>","href":"Fantasy.Network.Interface.Route-2.html","topicHref":"Fantasy.Network.Interface.Route-2.html","topicUid":"Fantasy.Network.Interface.Route`2"}]},{"name":"KCP","href":"Fantasy.Network.KCP.html","topicHref":"Fantasy.Network.KCP.html","topicUid":"Fantasy.Network.KCP","items":[{"name":"KCPClientNetwork","href":"Fantasy.Network.KCP.KCPClientNetwork.html","topicHref":"Fantasy.Network.KCP.KCPClientNetwork.html","topicUid":"Fantasy.Network.KCP.KCPClientNetwork"},{"name":"KCPClientNetworkUpdateSystem","href":"Fantasy.Network.KCP.KCPClientNetworkUpdateSystem.html","topicHref":"Fantasy.Network.KCP.KCPClientNetworkUpdateSystem.html","topicUid":"Fantasy.Network.KCP.KCPClientNetworkUpdateSystem"},{"name":"KCPFactory","href":"Fantasy.Network.KCP.KCPFactory.html","topicHref":"Fantasy.Network.KCP.KCPFactory.html","topicUid":"Fantasy.Network.KCP.KCPFactory"},{"name":"KCPServerNetwork","href":"Fantasy.Network.KCP.KCPServerNetwork.html","topicHref":"Fantasy.Network.KCP.KCPServerNetwork.html","topicUid":"Fantasy.Network.KCP.KCPServerNetwork"},{"name":"KCPServerNetworkChannel","href":"Fantasy.Network.KCP.KCPServerNetworkChannel.html","topicHref":"Fantasy.Network.KCP.KCPServerNetworkChannel.html","topicUid":"Fantasy.Network.KCP.KCPServerNetworkChannel"},{"name":"KCPServerNetworkUpdateSystem","href":"Fantasy.Network.KCP.KCPServerNetworkUpdateSystem.html","topicHref":"Fantasy.Network.KCP.KCPServerNetworkUpdateSystem.html","topicUid":"Fantasy.Network.KCP.KCPServerNetworkUpdateSystem"},{"name":"KCPSettings","href":"Fantasy.Network.KCP.KCPSettings.html","topicHref":"Fantasy.Network.KCP.KCPSettings.html","topicUid":"Fantasy.Network.KCP.KCPSettings"},{"name":"KcpHeader","href":"Fantasy.Network.KCP.KcpHeader.html","topicHref":"Fantasy.Network.KCP.KcpHeader.html","topicUid":"Fantasy.Network.KCP.KcpHeader"},{"name":"PendingConnection","href":"Fantasy.Network.KCP.PendingConnection.html","topicHref":"Fantasy.Network.KCP.PendingConnection.html","topicUid":"Fantasy.Network.KCP.PendingConnection"}]},{"name":"Route","href":"Fantasy.Network.Route.html","topicHref":"Fantasy.Network.Route.html","topicUid":"Fantasy.Network.Route","items":[{"name":"AddressableHelper","href":"Fantasy.Network.Route.AddressableHelper.html","topicHref":"Fantasy.Network.Route.AddressableHelper.html","topicUid":"Fantasy.Network.Route.AddressableHelper"},{"name":"AddressableManageComponent","href":"Fantasy.Network.Route.AddressableManageComponent.html","topicHref":"Fantasy.Network.Route.AddressableManageComponent.html","topicUid":"Fantasy.Network.Route.AddressableManageComponent"},{"name":"AddressableManageComponentAwakeSystem","href":"Fantasy.Network.Route.AddressableManageComponentAwakeSystem.html","topicHref":"Fantasy.Network.Route.AddressableManageComponentAwakeSystem.html","topicUid":"Fantasy.Network.Route.AddressableManageComponentAwakeSystem"},{"name":"AddressableManageComponentDestroySystem","href":"Fantasy.Network.Route.AddressableManageComponentDestroySystem.html","topicHref":"Fantasy.Network.Route.AddressableManageComponentDestroySystem.html","topicUid":"Fantasy.Network.Route.AddressableManageComponentDestroySystem"},{"name":"AddressableMessageComponent","href":"Fantasy.Network.Route.AddressableMessageComponent.html","topicHref":"Fantasy.Network.Route.AddressableMessageComponent.html","topicUid":"Fantasy.Network.Route.AddressableMessageComponent"},{"name":"AddressableMessageComponentDestroySystem","href":"Fantasy.Network.Route.AddressableMessageComponentDestroySystem.html","topicHref":"Fantasy.Network.Route.AddressableMessageComponentDestroySystem.html","topicUid":"Fantasy.Network.Route.AddressableMessageComponentDestroySystem"},{"name":"AddressableRouteComponent","href":"Fantasy.Network.Route.AddressableRouteComponent.html","topicHref":"Fantasy.Network.Route.AddressableRouteComponent.html","topicUid":"Fantasy.Network.Route.AddressableRouteComponent"},{"name":"AddressableRouteComponentAwakeSystem","href":"Fantasy.Network.Route.AddressableRouteComponentAwakeSystem.html","topicHref":"Fantasy.Network.Route.AddressableRouteComponentAwakeSystem.html","topicUid":"Fantasy.Network.Route.AddressableRouteComponentAwakeSystem"},{"name":"AddressableRouteComponentDestroySystem","href":"Fantasy.Network.Route.AddressableRouteComponentDestroySystem.html","topicHref":"Fantasy.Network.Route.AddressableRouteComponentDestroySystem.html","topicUid":"Fantasy.Network.Route.AddressableRouteComponentDestroySystem"},{"name":"AddressableScene","href":"Fantasy.Network.Route.AddressableScene.html","topicHref":"Fantasy.Network.Route.AddressableScene.html","topicUid":"Fantasy.Network.Route.AddressableScene"},{"name":"I_AddressableAddHandler","href":"Fantasy.Network.Route.I_AddressableAddHandler.html","topicHref":"Fantasy.Network.Route.I_AddressableAddHandler.html","topicUid":"Fantasy.Network.Route.I_AddressableAddHandler"},{"name":"I_AddressableGetHandler","href":"Fantasy.Network.Route.I_AddressableGetHandler.html","topicHref":"Fantasy.Network.Route.I_AddressableGetHandler.html","topicUid":"Fantasy.Network.Route.I_AddressableGetHandler"},{"name":"I_AddressableLockHandler","href":"Fantasy.Network.Route.I_AddressableLockHandler.html","topicHref":"Fantasy.Network.Route.I_AddressableLockHandler.html","topicUid":"Fantasy.Network.Route.I_AddressableLockHandler"},{"name":"I_AddressableRemoveHandler","href":"Fantasy.Network.Route.I_AddressableRemoveHandler.html","topicHref":"Fantasy.Network.Route.I_AddressableRemoveHandler.html","topicUid":"Fantasy.Network.Route.I_AddressableRemoveHandler"},{"name":"I_AddressableUnLockHandler","href":"Fantasy.Network.Route.I_AddressableUnLockHandler.html","topicHref":"Fantasy.Network.Route.I_AddressableUnLockHandler.html","topicUid":"Fantasy.Network.Route.I_AddressableUnLockHandler"}]},{"name":"TCP","href":"Fantasy.Network.TCP.html","topicHref":"Fantasy.Network.TCP.html","topicUid":"Fantasy.Network.TCP","items":[{"name":"TCPClientNetwork","href":"Fantasy.Network.TCP.TCPClientNetwork.html","topicHref":"Fantasy.Network.TCP.TCPClientNetwork.html","topicUid":"Fantasy.Network.TCP.TCPClientNetwork"},{"name":"TCPServerNetwork","href":"Fantasy.Network.TCP.TCPServerNetwork.html","topicHref":"Fantasy.Network.TCP.TCPServerNetwork.html","topicUid":"Fantasy.Network.TCP.TCPServerNetwork"},{"name":"TCPServerNetworkChannel","href":"Fantasy.Network.TCP.TCPServerNetworkChannel.html","topicHref":"Fantasy.Network.TCP.TCPServerNetworkChannel.html","topicUid":"Fantasy.Network.TCP.TCPServerNetworkChannel"}]},{"name":"WebSocket","href":"Fantasy.Network.WebSocket.html","topicHref":"Fantasy.Network.WebSocket.html","topicUid":"Fantasy.Network.WebSocket","items":[{"name":"WebSocketClientNetwork","href":"Fantasy.Network.WebSocket.WebSocketClientNetwork.html","topicHref":"Fantasy.Network.WebSocket.WebSocketClientNetwork.html","topicUid":"Fantasy.Network.WebSocket.WebSocketClientNetwork"},{"name":"WebSocketServerNetwork","href":"Fantasy.Network.WebSocket.WebSocketServerNetwork.html","topicHref":"Fantasy.Network.WebSocket.WebSocketServerNetwork.html","topicUid":"Fantasy.Network.WebSocket.WebSocketServerNetwork"},{"name":"WebSocketServerNetworkChannel","href":"Fantasy.Network.WebSocket.WebSocketServerNetworkChannel.html","topicHref":"Fantasy.Network.WebSocket.WebSocketServerNetworkChannel.html","topicUid":"Fantasy.Network.WebSocket.WebSocketServerNetworkChannel"}]},{"name":"InnerErrorCode","href":"Fantasy.Network.InnerErrorCode.html","topicHref":"Fantasy.Network.InnerErrorCode.html","topicUid":"Fantasy.Network.InnerErrorCode"},{"name":"NetworkProtocolType","href":"Fantasy.Network.NetworkProtocolType.html","topicHref":"Fantasy.Network.NetworkProtocolType.html","topicUid":"Fantasy.Network.NetworkProtocolType"},{"name":"NetworkTarget","href":"Fantasy.Network.NetworkTarget.html","topicHref":"Fantasy.Network.NetworkTarget.html","topicUid":"Fantasy.Network.NetworkTarget"},{"name":"NetworkType","href":"Fantasy.Network.NetworkType.html","topicHref":"Fantasy.Network.NetworkType.html","topicUid":"Fantasy.Network.NetworkType"},{"name":"OpCode","href":"Fantasy.Network.OpCode.html","topicHref":"Fantasy.Network.OpCode.html","topicUid":"Fantasy.Network.OpCode"},{"name":"OpCodeIdStruct","href":"Fantasy.Network.OpCodeIdStruct.html","topicHref":"Fantasy.Network.OpCodeIdStruct.html","topicUid":"Fantasy.Network.OpCodeIdStruct"},{"name":"OpCodeProtocolType","href":"Fantasy.Network.OpCodeProtocolType.html","topicHref":"Fantasy.Network.OpCodeProtocolType.html","topicUid":"Fantasy.Network.OpCodeProtocolType"},{"name":"OpCodeType","href":"Fantasy.Network.OpCodeType.html","topicHref":"Fantasy.Network.OpCodeType.html","topicUid":"Fantasy.Network.OpCodeType"},{"name":"ProcessSession","href":"Fantasy.Network.ProcessSession.html","topicHref":"Fantasy.Network.ProcessSession.html","topicUid":"Fantasy.Network.ProcessSession"},{"name":"RouteComponent","href":"Fantasy.Network.RouteComponent.html","topicHref":"Fantasy.Network.RouteComponent.html","topicUid":"Fantasy.Network.RouteComponent"},{"name":"ScanException","href":"Fantasy.Network.ScanException.html","topicHref":"Fantasy.Network.ScanException.html","topicUid":"Fantasy.Network.ScanException"},{"name":"Session","href":"Fantasy.Network.Session.html","topicHref":"Fantasy.Network.Session.html","topicUid":"Fantasy.Network.Session"},{"name":"SessionIdleCheckerComponent","href":"Fantasy.Network.SessionIdleCheckerComponent.html","topicHref":"Fantasy.Network.SessionIdleCheckerComponent.html","topicUid":"Fantasy.Network.SessionIdleCheckerComponent"},{"name":"SessionIdleCheckerComponentAwakeSystem","href":"Fantasy.Network.SessionIdleCheckerComponentAwakeSystem.html","topicHref":"Fantasy.Network.SessionIdleCheckerComponentAwakeSystem.html","topicUid":"Fantasy.Network.SessionIdleCheckerComponentAwakeSystem"}]},{"name":"PacketParser","href":"Fantasy.PacketParser.html","topicHref":"Fantasy.PacketParser.html","topicUid":"Fantasy.PacketParser","items":[{"name":"Interface","href":"Fantasy.PacketParser.Interface.html","topicHref":"Fantasy.PacketParser.Interface.html","topicUid":"Fantasy.PacketParser.Interface","items":[{"name":"APackInfo","href":"Fantasy.PacketParser.Interface.APackInfo.html","topicHref":"Fantasy.PacketParser.Interface.APackInfo.html","topicUid":"Fantasy.PacketParser.Interface.APackInfo"},{"name":"APacketParser","href":"Fantasy.PacketParser.Interface.APacketParser.html","topicHref":"Fantasy.PacketParser.Interface.APacketParser.html","topicUid":"Fantasy.PacketParser.Interface.APacketParser"}]},{"name":"BufferPacketParser","href":"Fantasy.PacketParser.BufferPacketParser.html","topicHref":"Fantasy.PacketParser.BufferPacketParser.html","topicUid":"Fantasy.PacketParser.BufferPacketParser"},{"name":"InnerBufferPacketParser","href":"Fantasy.PacketParser.InnerBufferPacketParser.html","topicHref":"Fantasy.PacketParser.InnerBufferPacketParser.html","topicUid":"Fantasy.PacketParser.InnerBufferPacketParser"},{"name":"InnerPackInfo","href":"Fantasy.PacketParser.InnerPackInfo.html","topicHref":"Fantasy.PacketParser.InnerPackInfo.html","topicUid":"Fantasy.PacketParser.InnerPackInfo"},{"name":"OuterBufferPacketParser","href":"Fantasy.PacketParser.OuterBufferPacketParser.html","topicHref":"Fantasy.PacketParser.OuterBufferPacketParser.html","topicUid":"Fantasy.PacketParser.OuterBufferPacketParser"},{"name":"OuterBufferPacketParserHelper","href":"Fantasy.PacketParser.OuterBufferPacketParserHelper.html","topicHref":"Fantasy.PacketParser.OuterBufferPacketParserHelper.html","topicUid":"Fantasy.PacketParser.OuterBufferPacketParserHelper"},{"name":"OuterPackInfo","href":"Fantasy.PacketParser.OuterPackInfo.html","topicHref":"Fantasy.PacketParser.OuterPackInfo.html","topicUid":"Fantasy.PacketParser.OuterPackInfo"},{"name":"OuterWebglBufferPacketParser","href":"Fantasy.PacketParser.OuterWebglBufferPacketParser.html","topicHref":"Fantasy.PacketParser.OuterWebglBufferPacketParser.html","topicUid":"Fantasy.PacketParser.OuterWebglBufferPacketParser"},{"name":"Packet","href":"Fantasy.PacketParser.Packet.html","topicHref":"Fantasy.PacketParser.Packet.html","topicUid":"Fantasy.PacketParser.Packet"},{"name":"ProcessPackInfo","href":"Fantasy.PacketParser.ProcessPackInfo.html","topicHref":"Fantasy.PacketParser.ProcessPackInfo.html","topicUid":"Fantasy.PacketParser.ProcessPackInfo"}]},{"name":"Platform","href":"Fantasy.Platform.html","topicHref":"Fantasy.Platform.html","topicUid":"Fantasy.Platform","items":[{"name":"Net","href":"Fantasy.Platform.Net.html","topicHref":"Fantasy.Platform.Net.html","topicUid":"Fantasy.Platform.Net","items":[{"name":"Entry","href":"Fantasy.Platform.Net.Entry.html","topicHref":"Fantasy.Platform.Net.Entry.html","topicUid":"Fantasy.Platform.Net.Entry"},{"name":"MachineConfig","href":"Fantasy.Platform.Net.MachineConfig.html","topicHref":"Fantasy.Platform.Net.MachineConfig.html","topicUid":"Fantasy.Platform.Net.MachineConfig"},{"name":"MachineConfigData","href":"Fantasy.Platform.Net.MachineConfigData.html","topicHref":"Fantasy.Platform.Net.MachineConfigData.html","topicUid":"Fantasy.Platform.Net.MachineConfigData"},{"name":"Process","href":"Fantasy.Platform.Net.Process.html","topicHref":"Fantasy.Platform.Net.Process.html","topicUid":"Fantasy.Platform.Net.Process"},{"name":"ProcessConfig","href":"Fantasy.Platform.Net.ProcessConfig.html","topicHref":"Fantasy.Platform.Net.ProcessConfig.html","topicUid":"Fantasy.Platform.Net.ProcessConfig"},{"name":"ProcessConfigData","href":"Fantasy.Platform.Net.ProcessConfigData.html","topicHref":"Fantasy.Platform.Net.ProcessConfigData.html","topicUid":"Fantasy.Platform.Net.ProcessConfigData"},{"name":"SceneConfig","href":"Fantasy.Platform.Net.SceneConfig.html","topicHref":"Fantasy.Platform.Net.SceneConfig.html","topicUid":"Fantasy.Platform.Net.SceneConfig"},{"name":"SceneConfigData","href":"Fantasy.Platform.Net.SceneConfigData.html","topicHref":"Fantasy.Platform.Net.SceneConfigData.html","topicUid":"Fantasy.Platform.Net.SceneConfigData"},{"name":"WorldConfig","href":"Fantasy.Platform.Net.WorldConfig.html","topicHref":"Fantasy.Platform.Net.WorldConfig.html","topicUid":"Fantasy.Platform.Net.WorldConfig"},{"name":"WorldConfigData","href":"Fantasy.Platform.Net.WorldConfigData.html","topicHref":"Fantasy.Platform.Net.WorldConfigData.html","topicUid":"Fantasy.Platform.Net.WorldConfigData"}]},{"name":"Unity","href":"Fantasy.Platform.Unity.html","topicHref":"Fantasy.Platform.Unity.html","topicUid":"Fantasy.Platform.Unity","items":[{"name":"Entry","href":"Fantasy.Platform.Unity.Entry.html","topicHref":"Fantasy.Platform.Unity.Entry.html","topicUid":"Fantasy.Platform.Unity.Entry"},{"name":"FantasyObject","href":"Fantasy.Platform.Unity.FantasyObject.html","topicHref":"Fantasy.Platform.Unity.FantasyObject.html","topicUid":"Fantasy.Platform.Unity.FantasyObject"},{"name":"GameObject","href":"Fantasy.Platform.Unity.GameObject.html","topicHref":"Fantasy.Platform.Unity.GameObject.html","topicUid":"Fantasy.Platform.Unity.GameObject"},{"name":"MonoBehaviour","href":"Fantasy.Platform.Unity.MonoBehaviour.html","topicHref":"Fantasy.Platform.Unity.MonoBehaviour.html","topicUid":"Fantasy.Platform.Unity.MonoBehaviour"},{"name":"OnFantasyInit","href":"Fantasy.Platform.Unity.OnFantasyInit.html","topicHref":"Fantasy.Platform.Unity.OnFantasyInit.html","topicUid":"Fantasy.Platform.Unity.OnFantasyInit"}]}]},{"name":"Pool","href":"Fantasy.Pool.html","topicHref":"Fantasy.Pool.html","topicUid":"Fantasy.Pool","items":[{"name":"IPool","href":"Fantasy.Pool.IPool.html","topicHref":"Fantasy.Pool.IPool.html","topicUid":"Fantasy.Pool.IPool"},{"name":"PoolCore","href":"Fantasy.Pool.PoolCore.html","topicHref":"Fantasy.Pool.PoolCore.html","topicUid":"Fantasy.Pool.PoolCore"},{"name":"PoolCore<T>","href":"Fantasy.Pool.PoolCore-1.html","topicHref":"Fantasy.Pool.PoolCore-1.html","topicUid":"Fantasy.Pool.PoolCore`1"},{"name":"PoolWithDisposable<T>","href":"Fantasy.Pool.PoolWithDisposable-1.html","topicHref":"Fantasy.Pool.PoolWithDisposable-1.html","topicUid":"Fantasy.Pool.PoolWithDisposable`1"},{"name":"Pool<T>","href":"Fantasy.Pool.Pool-1.html","topicHref":"Fantasy.Pool.Pool-1.html","topicUid":"Fantasy.Pool.Pool`1"}]},{"name":"Scheduler","href":"Fantasy.Scheduler.html","topicHref":"Fantasy.Scheduler.html","topicUid":"Fantasy.Scheduler","items":[{"name":"ANetworkMessageScheduler","href":"Fantasy.Scheduler.ANetworkMessageScheduler.html","topicHref":"Fantasy.Scheduler.ANetworkMessageScheduler.html","topicUid":"Fantasy.Scheduler.ANetworkMessageScheduler"},{"name":"MessageSender","href":"Fantasy.Scheduler.MessageSender.html","topicHref":"Fantasy.Scheduler.MessageSender.html","topicUid":"Fantasy.Scheduler.MessageSender"},{"name":"NetworkMessageUpdate","href":"Fantasy.Scheduler.NetworkMessageUpdate.html","topicHref":"Fantasy.Scheduler.NetworkMessageUpdate.html","topicUid":"Fantasy.Scheduler.NetworkMessageUpdate"},{"name":"NetworkMessagingComponent","href":"Fantasy.Scheduler.NetworkMessagingComponent.html","topicHref":"Fantasy.Scheduler.NetworkMessagingComponent.html","topicUid":"Fantasy.Scheduler.NetworkMessagingComponent"},{"name":"NetworkMessagingComponentAwakeSystem","href":"Fantasy.Scheduler.NetworkMessagingComponentAwakeSystem.html","topicHref":"Fantasy.Scheduler.NetworkMessagingComponentAwakeSystem.html","topicUid":"Fantasy.Scheduler.NetworkMessagingComponentAwakeSystem"},{"name":"NetworkMessagingComponentDestroySystem","href":"Fantasy.Scheduler.NetworkMessagingComponentDestroySystem.html","topicHref":"Fantasy.Scheduler.NetworkMessagingComponentDestroySystem.html","topicUid":"Fantasy.Scheduler.NetworkMessagingComponentDestroySystem"},{"name":"OnNetworkMessageUpdateCheckTimeout","href":"Fantasy.Scheduler.OnNetworkMessageUpdateCheckTimeout.html","topicHref":"Fantasy.Scheduler.OnNetworkMessageUpdateCheckTimeout.html","topicUid":"Fantasy.Scheduler.OnNetworkMessageUpdateCheckTimeout"}]},{"name":"Serialize","href":"Fantasy.Serialize.html","topicHref":"Fantasy.Serialize.html","topicUid":"Fantasy.Serialize","items":[{"name":"AMessage","href":"Fantasy.Serialize.AMessage.html","topicHref":"Fantasy.Serialize.AMessage.html","topicUid":"Fantasy.Serialize.AMessage"},{"name":"ASerialize","href":"Fantasy.Serialize.ASerialize.html","topicHref":"Fantasy.Serialize.ASerialize.html","topicUid":"Fantasy.Serialize.ASerialize"},{"name":"BsonPackHelper","href":"Fantasy.Serialize.BsonPackHelper.html","topicHref":"Fantasy.Serialize.BsonPackHelper.html","topicUid":"Fantasy.Serialize.BsonPackHelper"},{"name":"FantasySerializerType","href":"Fantasy.Serialize.FantasySerializerType.html","topicHref":"Fantasy.Serialize.FantasySerializerType.html","topicUid":"Fantasy.Serialize.FantasySerializerType"},{"name":"IProto","href":"Fantasy.Serialize.IProto.html","topicHref":"Fantasy.Serialize.IProto.html","topicUid":"Fantasy.Serialize.IProto"},{"name":"ISerialize","href":"Fantasy.Serialize.ISerialize.html","topicHref":"Fantasy.Serialize.ISerialize.html","topicUid":"Fantasy.Serialize.ISerialize"},{"name":"MemoryStreamBuffer","href":"Fantasy.Serialize.MemoryStreamBuffer.html","topicHref":"Fantasy.Serialize.MemoryStreamBuffer.html","topicUid":"Fantasy.Serialize.MemoryStreamBuffer"},{"name":"ProtoBufPackHelper","href":"Fantasy.Serialize.ProtoBufPackHelper.html","topicHref":"Fantasy.Serialize.ProtoBufPackHelper.html","topicUid":"Fantasy.Serialize.ProtoBufPackHelper"},{"name":"SerializerManager","href":"Fantasy.Serialize.SerializerManager.html","topicHref":"Fantasy.Serialize.SerializerManager.html","topicUid":"Fantasy.Serialize.SerializerManager"},{"name":"StructBsonSerialize<TValue>","href":"Fantasy.Serialize.StructBsonSerialize-1.html","topicHref":"Fantasy.Serialize.StructBsonSerialize-1.html","topicUid":"Fantasy.Serialize.StructBsonSerialize`1"},{"name":"SupportInitializeChecker<T>","href":"Fantasy.Serialize.SupportInitializeChecker-1.html","topicHref":"Fantasy.Serialize.SupportInitializeChecker-1.html","topicUid":"Fantasy.Serialize.SupportInitializeChecker`1"}]},{"name":"SingleCollection","href":"Fantasy.SingleCollection.html","topicHref":"Fantasy.SingleCollection.html","topicUid":"Fantasy.SingleCollection","items":[{"name":"SingleCollectionComponent","href":"Fantasy.SingleCollection.SingleCollectionComponent.html","topicHref":"Fantasy.SingleCollection.SingleCollectionComponent.html","topicUid":"Fantasy.SingleCollection.SingleCollectionComponent"}]},{"name":"Timer","href":"Fantasy.Timer.html","topicHref":"Fantasy.Timer.html","topicUid":"Fantasy.Timer","items":[{"name":"TimerAction","href":"Fantasy.Timer.TimerAction.html","topicHref":"Fantasy.Timer.TimerAction.html","topicUid":"Fantasy.Timer.TimerAction"},{"name":"TimerComponent","href":"Fantasy.Timer.TimerComponent.html","topicHref":"Fantasy.Timer.TimerComponent.html","topicUid":"Fantasy.Timer.TimerComponent"},{"name":"TimerComponentUpdateSystem","href":"Fantasy.Timer.TimerComponentUpdateSystem.html","topicHref":"Fantasy.Timer.TimerComponentUpdateSystem.html","topicUid":"Fantasy.Timer.TimerComponentUpdateSystem"},{"name":"TimerHandler<T>","href":"Fantasy.Timer.TimerHandler-1.html","topicHref":"Fantasy.Timer.TimerHandler-1.html","topicUid":"Fantasy.Timer.TimerHandler`1"},{"name":"TimerSchedulerNet","href":"Fantasy.Timer.TimerSchedulerNet.html","topicHref":"Fantasy.Timer.TimerSchedulerNet.html","topicUid":"Fantasy.Timer.TimerSchedulerNet"},{"name":"TimerType","href":"Fantasy.Timer.TimerType.html","topicHref":"Fantasy.Timer.TimerType.html","topicUid":"Fantasy.Timer.TimerType"}]},{"name":"ILog","href":"Fantasy.ILog.html","topicHref":"Fantasy.ILog.html","topicUid":"Fantasy.ILog"},{"name":"Log","href":"Fantasy.Log.html","topicHref":"Fantasy.Log.html","topicUid":"Fantasy.Log"},{"name":"NLog","href":"Fantasy.NLog.html","topicHref":"Fantasy.NLog.html","topicUid":"Fantasy.NLog"},{"name":"OnCreateScene","href":"Fantasy.OnCreateScene.html","topicHref":"Fantasy.OnCreateScene.html","topicUid":"Fantasy.OnCreateScene"},{"name":"Scene","href":"Fantasy.Scene.html","topicHref":"Fantasy.Scene.html","topicUid":"Fantasy.Scene"},{"name":"ThreadSynchronizationContext","href":"Fantasy.ThreadSynchronizationContext.html","topicHref":"Fantasy.ThreadSynchronizationContext.html","topicUid":"Fantasy.ThreadSynchronizationContext"}]},{"name":"KCP","href":"KCP.html","topicHref":"KCP.html","topicUid":"KCP","items":[{"name":"KCPBASIC","href":"KCP.KCPBASIC.html","topicHref":"KCP.KCPBASIC.html","topicUid":"KCP.KCPBASIC"},{"name":"Kcp","href":"KCP.Kcp.html","topicHref":"KCP.Kcp.html","topicUid":"KCP.Kcp"},{"name":"KcpCallback","href":"KCP.KcpCallback.html","topicHref":"KCP.KcpCallback.html","topicUid":"KCP.KcpCallback"}]},{"name":"NativeCollections","href":"NativeCollections.html","topicHref":"NativeCollections.html","topicUid":"NativeCollections","items":[{"name":"NativeArrayPool<T>","href":"NativeCollections.NativeArrayPool-1.html","topicHref":"NativeCollections.NativeArrayPool-1.html","topicUid":"NativeCollections.NativeArrayPool`1"},{"name":"NativeArrayReference<T>","href":"NativeCollections.NativeArrayReference-1.html","topicHref":"NativeCollections.NativeArrayReference-1.html","topicUid":"NativeCollections.NativeArrayReference`1"},{"name":"NativeArrayReference<T>.Enumerator","href":"NativeCollections.NativeArrayReference-1.Enumerator.html","topicHref":"NativeCollections.NativeArrayReference-1.Enumerator.html","topicUid":"NativeCollections.NativeArrayReference`1.Enumerator"},{"name":"NativeArraySegment<T>","href":"NativeCollections.NativeArraySegment-1.html","topicHref":"NativeCollections.NativeArraySegment-1.html","topicUid":"NativeCollections.NativeArraySegment`1"},{"name":"NativeArraySegment<T>.Enumerator","href":"NativeCollections.NativeArraySegment-1.Enumerator.html","topicHref":"NativeCollections.NativeArraySegment-1.Enumerator.html","topicUid":"NativeCollections.NativeArraySegment`1.Enumerator"},{"name":"NativeArray<T>","href":"NativeCollections.NativeArray-1.html","topicHref":"NativeCollections.NativeArray-1.html","topicUid":"NativeCollections.NativeArray`1"},{"name":"NativeArray<T>.Enumerator","href":"NativeCollections.NativeArray-1.Enumerator.html","topicHref":"NativeCollections.NativeArray-1.Enumerator.html","topicUid":"NativeCollections.NativeArray`1.Enumerator"},{"name":"NativeConcurrentDictionary<TKey, TValue>","href":"NativeCollections.NativeConcurrentDictionary-2.html","topicHref":"NativeCollections.NativeConcurrentDictionary-2.html","topicUid":"NativeCollections.NativeConcurrentDictionary`2"},{"name":"NativeConcurrentDictionary<TKey, TValue>.Enumerator","href":"NativeCollections.NativeConcurrentDictionary-2.Enumerator.html","topicHref":"NativeCollections.NativeConcurrentDictionary-2.Enumerator.html","topicUid":"NativeCollections.NativeConcurrentDictionary`2.Enumerator"},{"name":"NativeConcurrentDictionary<TKey, TValue>.KeyCollection","href":"NativeCollections.NativeConcurrentDictionary-2.KeyCollection.html","topicHref":"NativeCollections.NativeConcurrentDictionary-2.KeyCollection.html","topicUid":"NativeCollections.NativeConcurrentDictionary`2.KeyCollection"},{"name":"NativeConcurrentDictionary<TKey, TValue>.KeyCollection.Enumerator","href":"NativeCollections.NativeConcurrentDictionary-2.KeyCollection.Enumerator.html","topicHref":"NativeCollections.NativeConcurrentDictionary-2.KeyCollection.Enumerator.html","topicUid":"NativeCollections.NativeConcurrentDictionary`2.KeyCollection.Enumerator"},{"name":"NativeConcurrentDictionary<TKey, TValue>.ValueCollection","href":"NativeCollections.NativeConcurrentDictionary-2.ValueCollection.html","topicHref":"NativeCollections.NativeConcurrentDictionary-2.ValueCollection.html","topicUid":"NativeCollections.NativeConcurrentDictionary`2.ValueCollection"},{"name":"NativeConcurrentDictionary<TKey, TValue>.ValueCollection.Enumerator","href":"NativeCollections.NativeConcurrentDictionary-2.ValueCollection.Enumerator.html","topicHref":"NativeCollections.NativeConcurrentDictionary-2.ValueCollection.Enumerator.html","topicUid":"NativeCollections.NativeConcurrentDictionary`2.ValueCollection.Enumerator"},{"name":"NativeConcurrentHashSet<T>","href":"NativeCollections.NativeConcurrentHashSet-1.html","topicHref":"NativeCollections.NativeConcurrentHashSet-1.html","topicUid":"NativeCollections.NativeConcurrentHashSet`1"},{"name":"NativeConcurrentHashSet<T>.Enumerator","href":"NativeCollections.NativeConcurrentHashSet-1.Enumerator.html","topicHref":"NativeCollections.NativeConcurrentHashSet-1.Enumerator.html","topicUid":"NativeCollections.NativeConcurrentHashSet`1.Enumerator"},{"name":"NativeConcurrentQueue<T>","href":"NativeCollections.NativeConcurrentQueue-1.html","topicHref":"NativeCollections.NativeConcurrentQueue-1.html","topicUid":"NativeCollections.NativeConcurrentQueue`1"},{"name":"NativeConcurrentSpinLock","href":"NativeCollections.NativeConcurrentSpinLock.html","topicHref":"NativeCollections.NativeConcurrentSpinLock.html","topicUid":"NativeCollections.NativeConcurrentSpinLock"},{"name":"NativeConcurrentStack<T>","href":"NativeCollections.NativeConcurrentStack-1.html","topicHref":"NativeCollections.NativeConcurrentStack-1.html","topicUid":"NativeCollections.NativeConcurrentStack`1"},{"name":"NativeDictionary<TKey, TValue>","href":"NativeCollections.NativeDictionary-2.html","topicHref":"NativeCollections.NativeDictionary-2.html","topicUid":"NativeCollections.NativeDictionary`2"},{"name":"NativeDictionary<TKey, TValue>.Enumerator","href":"NativeCollections.NativeDictionary-2.Enumerator.html","topicHref":"NativeCollections.NativeDictionary-2.Enumerator.html","topicUid":"NativeCollections.NativeDictionary`2.Enumerator"},{"name":"NativeDictionary<TKey, TValue>.KeyCollection","href":"NativeCollections.NativeDictionary-2.KeyCollection.html","topicHref":"NativeCollections.NativeDictionary-2.KeyCollection.html","topicUid":"NativeCollections.NativeDictionary`2.KeyCollection"},{"name":"NativeDictionary<TKey, TValue>.KeyCollection.Enumerator","href":"NativeCollections.NativeDictionary-2.KeyCollection.Enumerator.html","topicHref":"NativeCollections.NativeDictionary-2.KeyCollection.Enumerator.html","topicUid":"NativeCollections.NativeDictionary`2.KeyCollection.Enumerator"},{"name":"NativeDictionary<TKey, TValue>.ValueCollection","href":"NativeCollections.NativeDictionary-2.ValueCollection.html","topicHref":"NativeCollections.NativeDictionary-2.ValueCollection.html","topicUid":"NativeCollections.NativeDictionary`2.ValueCollection"},{"name":"NativeDictionary<TKey, TValue>.ValueCollection.Enumerator","href":"NativeCollections.NativeDictionary-2.ValueCollection.Enumerator.html","topicHref":"NativeCollections.NativeDictionary-2.ValueCollection.Enumerator.html","topicUid":"NativeCollections.NativeDictionary`2.ValueCollection.Enumerator"},{"name":"NativeHashSet<T>","href":"NativeCollections.NativeHashSet-1.html","topicHref":"NativeCollections.NativeHashSet-1.html","topicUid":"NativeCollections.NativeHashSet`1"},{"name":"NativeHashSet<T>.Enumerator","href":"NativeCollections.NativeHashSet-1.Enumerator.html","topicHref":"NativeCollections.NativeHashSet-1.Enumerator.html","topicUid":"NativeCollections.NativeHashSet`1.Enumerator"},{"name":"NativeList<T>","href":"NativeCollections.NativeList-1.html","topicHref":"NativeCollections.NativeList-1.html","topicUid":"NativeCollections.NativeList`1"},{"name":"NativeList<T>.Enumerator","href":"NativeCollections.NativeList-1.Enumerator.html","topicHref":"NativeCollections.NativeList-1.Enumerator.html","topicUid":"NativeCollections.NativeList`1.Enumerator"},{"name":"NativeMemoryAllocator","href":"NativeCollections.NativeMemoryAllocator.html","topicHref":"NativeCollections.NativeMemoryAllocator.html","topicUid":"NativeCollections.NativeMemoryAllocator"},{"name":"NativeMemoryBucket","href":"NativeCollections.NativeMemoryBucket.html","topicHref":"NativeCollections.NativeMemoryBucket.html","topicUid":"NativeCollections.NativeMemoryBucket"},{"name":"NativeMemoryPool","href":"NativeCollections.NativeMemoryPool.html","topicHref":"NativeCollections.NativeMemoryPool.html","topicUid":"NativeCollections.NativeMemoryPool"},{"name":"NativeMemoryStream","href":"NativeCollections.NativeMemoryStream.html","topicHref":"NativeCollections.NativeMemoryStream.html","topicUid":"NativeCollections.NativeMemoryStream"},{"name":"NativeMonitorLock","href":"NativeCollections.NativeMonitorLock.html","topicHref":"NativeCollections.NativeMonitorLock.html","topicUid":"NativeCollections.NativeMonitorLock"},{"name":"NativePriorityQueue<TElement, TPriority>","href":"NativeCollections.NativePriorityQueue-2.html","topicHref":"NativeCollections.NativePriorityQueue-2.html","topicUid":"NativeCollections.NativePriorityQueue`2"},{"name":"NativePriorityQueue<TElement, TPriority>.UnorderedItemsCollection","href":"NativeCollections.NativePriorityQueue-2.UnorderedItemsCollection.html","topicHref":"NativeCollections.NativePriorityQueue-2.UnorderedItemsCollection.html","topicUid":"NativeCollections.NativePriorityQueue`2.UnorderedItemsCollection"},{"name":"NativePriorityQueue<TElement, TPriority>.UnorderedItemsCollection.Enumerator","href":"NativeCollections.NativePriorityQueue-2.UnorderedItemsCollection.Enumerator.html","topicHref":"NativeCollections.NativePriorityQueue-2.UnorderedItemsCollection.Enumerator.html","topicUid":"NativeCollections.NativePriorityQueue`2.UnorderedItemsCollection.Enumerator"},{"name":"NativeQueue<T>","href":"NativeCollections.NativeQueue-1.html","topicHref":"NativeCollections.NativeQueue-1.html","topicUid":"NativeCollections.NativeQueue`1"},{"name":"NativeQueue<T>.Enumerator","href":"NativeCollections.NativeQueue-1.Enumerator.html","topicHref":"NativeCollections.NativeQueue-1.Enumerator.html","topicUid":"NativeCollections.NativeQueue`1.Enumerator"},{"name":"NativeReference<T>","href":"NativeCollections.NativeReference-1.html","topicHref":"NativeCollections.NativeReference-1.html","topicUid":"NativeCollections.NativeReference`1"},{"name":"NativeSortedDictionary<TKey, TValue>","href":"NativeCollections.NativeSortedDictionary-2.html","topicHref":"NativeCollections.NativeSortedDictionary-2.html","topicUid":"NativeCollections.NativeSortedDictionary`2"},{"name":"NativeSortedDictionary<TKey, TValue>.Enumerator","href":"NativeCollections.NativeSortedDictionary-2.Enumerator.html","topicHref":"NativeCollections.NativeSortedDictionary-2.Enumerator.html","topicUid":"NativeCollections.NativeSortedDictionary`2.Enumerator"},{"name":"NativeSortedDictionary<TKey, TValue>.KeyCollection","href":"NativeCollections.NativeSortedDictionary-2.KeyCollection.html","topicHref":"NativeCollections.NativeSortedDictionary-2.KeyCollection.html","topicUid":"NativeCollections.NativeSortedDictionary`2.KeyCollection"},{"name":"NativeSortedDictionary<TKey, TValue>.KeyCollection.Enumerator","href":"NativeCollections.NativeSortedDictionary-2.KeyCollection.Enumerator.html","topicHref":"NativeCollections.NativeSortedDictionary-2.KeyCollection.Enumerator.html","topicUid":"NativeCollections.NativeSortedDictionary`2.KeyCollection.Enumerator"},{"name":"NativeSortedDictionary<TKey, TValue>.ValueCollection","href":"NativeCollections.NativeSortedDictionary-2.ValueCollection.html","topicHref":"NativeCollections.NativeSortedDictionary-2.ValueCollection.html","topicUid":"NativeCollections.NativeSortedDictionary`2.ValueCollection"},{"name":"NativeSortedDictionary<TKey, TValue>.ValueCollection.Enumerator","href":"NativeCollections.NativeSortedDictionary-2.ValueCollection.Enumerator.html","topicHref":"NativeCollections.NativeSortedDictionary-2.ValueCollection.Enumerator.html","topicUid":"NativeCollections.NativeSortedDictionary`2.ValueCollection.Enumerator"},{"name":"NativeSortedList<TKey, TValue>","href":"NativeCollections.NativeSortedList-2.html","topicHref":"NativeCollections.NativeSortedList-2.html","topicUid":"NativeCollections.NativeSortedList`2"},{"name":"NativeSortedList<TKey, TValue>.Enumerator","href":"NativeCollections.NativeSortedList-2.Enumerator.html","topicHref":"NativeCollections.NativeSortedList-2.Enumerator.html","topicUid":"NativeCollections.NativeSortedList`2.Enumerator"},{"name":"NativeSortedList<TKey, TValue>.KeyCollection","href":"NativeCollections.NativeSortedList-2.KeyCollection.html","topicHref":"NativeCollections.NativeSortedList-2.KeyCollection.html","topicUid":"NativeCollections.NativeSortedList`2.KeyCollection"},{"name":"NativeSortedList<TKey, TValue>.KeyCollection.Enumerator","href":"NativeCollections.NativeSortedList-2.KeyCollection.Enumerator.html","topicHref":"NativeCollections.NativeSortedList-2.KeyCollection.Enumerator.html","topicUid":"NativeCollections.NativeSortedList`2.KeyCollection.Enumerator"},{"name":"NativeSortedList<TKey, TValue>.ValueCollection","href":"NativeCollections.NativeSortedList-2.ValueCollection.html","topicHref":"NativeCollections.NativeSortedList-2.ValueCollection.html","topicUid":"NativeCollections.NativeSortedList`2.ValueCollection"},{"name":"NativeSortedList<TKey, TValue>.ValueCollection.Enumerator","href":"NativeCollections.NativeSortedList-2.ValueCollection.Enumerator.html","topicHref":"NativeCollections.NativeSortedList-2.ValueCollection.Enumerator.html","topicUid":"NativeCollections.NativeSortedList`2.ValueCollection.Enumerator"},{"name":"NativeSortedSet<T>","href":"NativeCollections.NativeSortedSet-1.html","topicHref":"NativeCollections.NativeSortedSet-1.html","topicUid":"NativeCollections.NativeSortedSet`1"},{"name":"NativeSortedSet<T>.Enumerator","href":"NativeCollections.NativeSortedSet-1.Enumerator.html","topicHref":"NativeCollections.NativeSortedSet-1.Enumerator.html","topicUid":"NativeCollections.NativeSortedSet`1.Enumerator"},{"name":"NativeStack<T>","href":"NativeCollections.NativeStack-1.html","topicHref":"NativeCollections.NativeStack-1.html","topicUid":"NativeCollections.NativeStack`1"},{"name":"NativeStack<T>.Enumerator","href":"NativeCollections.NativeStack-1.Enumerator.html","topicHref":"NativeCollections.NativeStack-1.Enumerator.html","topicUid":"NativeCollections.NativeStack`1.Enumerator"}]}],"memberLayout":"SamePage","pdf":false}
